{
  "name": "ArduinoTrace",
  "keywords": "trace, debug, log, serial",
  "description": "A dead-simple tracing library to debug your programs",
  "homepage": "https://github.com/bblanchon/ArduinoTrace",
  "repository": {
    "type": "git",
    "url": "https://github.com/bblanchon/ArduinoTrace.git"
  },
  "version": "1.2.0",
  "authors": {
    "name": "Benoit Blanchon",
    "url": "https://blog.benoitblanchon.fr"
  },
  "exclude": [".github", "extras"],
  "frameworks": "arduino",
  "platforms": "*"
}
